intervention,random,baseline,train_biases,train_accuracy,val_accuracy,val_intervention_accuracy,test_accuracy,test_accuracy_flipped,test_intervention_accuracy,test_intervention_accuracy_flipped,seed
sae_projection_ablation,False,top10,1,1,0.6776785850524902,1.0,0.5017856955528259,0.4982143044471741,0.48035717010498047,0.5196428298950195,0
sae_projection_ablation,False,top10,1,1,0.8232143521308899,1.0,0.3678571581840515,0.6321428418159485,0.25267860293388367,0.7473214268684387,1
sae_projection_ablation,False,top10,1,1,0.6071428656578064,0.9937500357627868,0.5598214268684387,0.44017860293388367,0.3482142984867096,0.6517857313156128,2
sae_projection_ablation,False,top10,1,1,0.7107142806053162,1.0,0.5339285731315613,0.4660714268684387,0.34732142090797424,0.6526786088943481,3
sae_projection_ablation,False,top10,1,1,0.6714286208152771,1.0,0.5526785850524902,0.44732141494750977,0.44732141494750977,0.5526785850524902,4
