name,seed,test_accuracy,deployed_accuracy,deployed_accuracy_flipped,intervention
gender_s0_autointerp_70,0,0.5875000357627869,0.4445833265781402,0.5554167032241821,autointerp
gender_s1_autointerp_70,1,0.6616666913032532,0.3875000178813934,0.612500011920929,autointerp
gender_s2_autointerp_70,2,0.70250004529953,0.4254166781902313,0.5745833516120911,autointerp
gender_s3_autointerp_70,3,0.7070833444595337,0.5079166889190674,0.4920833706855774,autointerp
gender_s4_autointerp_70,4,0.6066666841506958,0.5024999976158142,0.4975000023841858,autointerp
