intervention,random,train_biases,train_accuracy,val_accuracy,val_intervention_accuracy,test_accuracy,test_accuracy_flipped,test_intervention_accuracy,test_intervention_accuracy_flipped,seed
sae_ablation,False,1,1,1.0,1,0.7348214387893677,0.2651785910129547,0.956250011920929,0.04374999925494194,0
sae_ablation,False,1,1,1.0,1,0.7723214030265808,0.227678582072258,0.943750023841858,0.05625000223517418,1
sae_ablation,False,1,1,1.0,1,0.7723214030265808,0.227678582072258,0.9312500357627868,0.06875000149011612,2
sae_ablation,True,1,1,0.981249988079071,1,0.227678582072258,0.7723214030265808,0.19732142984867096,0.8026785850524902,0
sae_ablation,True,1,1,0.9625000357627868,1,0.2026785910129547,0.7973214387893677,0.28482142090797424,0.7151786088943481,1
sae_ablation,True,1,1,1.0,1,0.16428570449352264,0.8357143402099609,0.21339285373687744,0.7866072058677673,2
sae_ablation,True,1,1,0.9937500357627868,1,0.07500000298023224,0.925000011920929,0.13214285671710968,0.8678571581840515,3
sae_ablation,True,1,1,0.5196428298950195,1,0.5785714387893677,0.4214285910129547,0.766964316368103,0.23303571343421936,4