intervention,random,train_biases,train_accuracy,val_accuracy,val_intervention_accuracy,test_accuracy,test_accuracy_flipped,test_intervention_accuracy,test_intervention_accuracy_flipped,seed
none,False,1.0,1,1.0,1.0,0.05714285373687744,0.9428572058677672,0.05714285373687744,0.9428572058677672,42
none,False,1.0,1,1.0,1.0,0.08839285373687744,0.9116072058677672,0.08839285373687744,0.9116072058677672,1
none,False,1.0,1,1.0,1.0,0.10625000298023224,0.893750011920929,0.10625000298023224,0.893750011920929,2
none,False,1.0,1,1.0,1.0,0.08749999850988388,0.912500023841858,0.08749999850988388,0.912500023841858,3
none,False,1.0,1,1.0,1.0,0.07500000298023224,0.925000011920929,0.07500000298023224,0.925000011920929,4